{"err":0,"data":{"generatorSpeedWithoutFuel":0.2,"generatorFuelFlowRate":0.0011527777777778,"airFilterUnitFlowRate":0.0041666666666667,"gpuBoostRate":0.061225}}